{
 "pid": "virum",
 "rows": [
  {
   "agent": "VI-A",
   "de0_kEUR": 13.5531023238909,
   "m3_kEUR": 15.518452958629414,
   "delta_kEUR": 1.9653506347385132,
   "ir_ok": 0
  },
  {
   "agent": "VI-B",
   "de0_kEUR": 13.903446454487202,
   "m3_kEUR": 16.128232223226394,
   "delta_kEUR": 2.224785768739192,
   "ir_ok": 0
  },
  {
   "agent": "VI-C",
   "de0_kEUR": 14.8747775173206,
   "m3_kEUR": 17.272938729840334,
   "delta_kEUR": 2.3981612125197334,
   "ir_ok": 0
  },
  {
   "agent": "VI-D",
   "de0_kEUR": 12.121221006007955,
   "m3_kEUR": 12.982608178250782,
   "delta_kEUR": 0.8613871722428268,
   "ir_ok": 0
  }
 ],
 "tot_de0": 54.45254730170666,
 "tot_m3": 61.90223208994692,
 "community_save_kEUR": -7.449684788240262,
 "n_ir": 0,
 "n_agents": 4
}