{
 "pid": "virum",
 "rows": [
  {
   "agent": "VI-A",
   "autarky_kEUR": 9.688371731408223,
   "m3_kEUR": 15.518452958629414,
   "save_kEUR": -5.830081227221191,
   "save_pct": -60.17606868160268,
   "ir_ok": 0
  },
  {
   "agent": "VI-B",
   "autarky_kEUR": 10.106370389041793,
   "m3_kEUR": 16.128232223226394,
   "save_kEUR": -6.021861834184602,
   "save_pct": -59.58481237452002,
   "ir_ok": 0
  },
  {
   "agent": "VI-C",
   "autarky_kEUR": 11.080584334182015,
   "m3_kEUR": 17.272938729840334,
   "save_kEUR": -6.1923543956583185,
   "save_pct": -55.88472781670721,
   "ir_ok": 0
  },
  {
   "agent": "VI-D",
   "autarky_kEUR": 10.239502971891495,
   "m3_kEUR": 12.982608178250782,
   "save_kEUR": -2.743105206359287,
   "save_pct": -26.789437083903362,
   "ir_ok": 0
  }
 ],
 "tot_autarky": 41.11482942652353,
 "tot_m3": 61.90223208994692,
 "tot_save": -20.787402663423393,
 "breakeven_eur_per_agent": -5196.850665855848,
 "n_agents": 4,
 "ir_all": 0
}