{
 "pid": "virum",
 "rows": [
  {
   "agent": "VI-A",
   "de0_kEUR": 13.48885023346015,
   "m3_kEUR": 15.518452958629414,
   "delta_kEUR": 2.029602725169264,
   "ir_ok": 0
  },
  {
   "agent": "VI-B",
   "de0_kEUR": 13.876928561788073,
   "m3_kEUR": 16.128232223226394,
   "delta_kEUR": 2.251303661438321,
   "ir_ok": 0
  },
  {
   "agent": "VI-C",
   "de0_kEUR": 14.850589783417151,
   "m3_kEUR": 17.272938729840334,
   "delta_kEUR": 2.422348946423183,
   "ir_ok": 0
  },
  {
   "agent": "VI-D",
   "de0_kEUR": 12.122492528495403,
   "m3_kEUR": 12.982608178250782,
   "delta_kEUR": 0.8601156497553788,
   "ir_ok": 0
  }
 ],
 "tot_de0": 54.33886110716078,
 "tot_m3": 61.90223208994692,
 "community_save_kEUR": -7.5633709827861395,
 "n_ir": 0,
 "n_agents": 4
}