{
 "pid": "virum",
 "rows": [
  {
   "agent": "VI-A",
   "de0_kEUR": 13.59103599265562,
   "m3_kEUR": 15.518452958629414,
   "delta_kEUR": 1.9274169659737943,
   "ir_ok": 0
  },
  {
   "agent": "VI-B",
   "de0_kEUR": 13.93619284355012,
   "m3_kEUR": 16.128232223226394,
   "delta_kEUR": 2.192039379676274,
   "ir_ok": 0
  },
  {
   "agent": "VI-C",
   "de0_kEUR": 14.912435273208878,
   "m3_kEUR": 17.272938729840334,
   "delta_kEUR": 2.3605034566314558,
   "ir_ok": 0
  },
  {
   "agent": "VI-D",
   "de0_kEUR": 12.146120396104886,
   "m3_kEUR": 12.982608178250782,
   "delta_kEUR": 0.8364877821458965,
   "ir_ok": 0
  }
 ],
 "tot_de0": 54.585784505519506,
 "tot_m3": 61.90223208994692,
 "community_save_kEUR": -7.316447584427415,
 "n_ir": 0,
 "n_agents": 4
}