{
 "pid": "virum",
 "rows": [
  {
   "agent": "VI-A",
   "de0_kEUR": 13.67526313449753,
   "m3_kEUR": 15.518452958629414,
   "delta_kEUR": 1.8431898241318834,
   "ir_ok": 0
  },
  {
   "agent": "VI-B",
   "de0_kEUR": 14.00237818415012,
   "m3_kEUR": 16.128232223226394,
   "delta_kEUR": 2.125854039076275,
   "ir_ok": 0
  },
  {
   "agent": "VI-C",
   "de0_kEUR": 14.938634870695743,
   "m3_kEUR": 17.272938729840334,
   "delta_kEUR": 2.3343038591445904,
   "ir_ok": 0
  },
  {
   "agent": "VI-D",
   "de0_kEUR": 12.16513027840717,
   "m3_kEUR": 12.982608178250782,
   "delta_kEUR": 0.8174778998436114,
   "ir_ok": 0
  }
 ],
 "tot_de0": 54.781406467750564,
 "tot_m3": 61.90223208994692,
 "community_save_kEUR": -7.120825622196357,
 "n_ir": 0,
 "n_agents": 4
}