{
 "pid": "virum",
 "sp_kEUR": 51.95452553488021,
 "rows": [
  {
   "case": "base_24h_flat",
   "de0_kEUR": 54.45254730170665,
   "gap_kEUR": 2.49802176682644,
   "gap_pct_of_base": 100.0
  },
  {
   "case": "horizon_48h",
   "de0_kEUR": 54.41715298920207,
   "gap_kEUR": 2.4626274543218614,
   "gap_pct_of_base": 98.58310632138547
  },
  {
   "case": "time_of_use",
   "de0_kEUR": 54.555808584597166,
   "gap_kEUR": 2.6012830497169546,
   "gap_pct_of_base": 104.13372230225602
  }
 ]
}