{
 "pid": "virum",
 "sp_kEUR": 51.95452553488021,
 "rows": [
  {
   "case": "base_24h_flat",
   "de0_kEUR": 54.585784505519506,
   "gap_kEUR": 2.631258970639294,
   "gap_pct_of_base": 100.0
  },
  {
   "case": "horizon_48h",
   "de0_kEUR": 54.38200454739491,
   "gap_kEUR": 2.427479012514695,
   "gap_pct_of_base": 92.25541991881215
  },
  {
   "case": "time_of_use",
   "de0_kEUR": 54.58454518474036,
   "gap_kEUR": 2.630019649860145,
   "gap_pct_of_base": 99.95290008345899
  }
 ]
}