{
 "pid": "virum",
 "sp_kEUR": 51.95452553488021,
 "rows": [
  {
   "case": "base_24h_flat",
   "de0_kEUR": 54.78140646775057,
   "gap_kEUR": 2.8268809328703597,
   "gap_pct_of_base": 99.99999999999999
  },
  {
   "case": "horizon_48h",
   "de0_kEUR": 54.614821515482795,
   "gap_kEUR": 2.6602959806025837,
   "gap_pct_of_base": 94.10711111561997
  },
  {
   "case": "time_of_use",
   "de0_kEUR": 54.88386231773131,
   "gap_kEUR": 2.9293367828510952,
   "gap_pct_of_base": 103.62434260281009
  }
 ]
}