{
 "pid": "virum",
 "rep_week": {
  "cost_kEUR": 51.95452553488021,
  "SSR": 0.5212172988173174,
  "LPI_os": 0.43820124814761197,
  "curt_MWh": 167.06411354413007,
  "co2_t": 44.91453827032375,
  "gap_kEUR": 2.8268809328703597,
  "tau_bind_h": 1393
 },
 "full_year": {
  "cost_kEUR": 50.978599617263534,
  "SSR": 0.5241788720597207,
  "LPI_os": 0.4347130156788014,
  "curt_MWh": 155.04213306555948,
  "co2_t": 44.42117408626661,
  "gap_kEUR": 2.6966558618098446,
  "tau_bind_h": 1392.0879120879122
 }
}