{
 "rows": [
  {
   "pid": "virum",
   "pi_tw": 0.09771423541981956,
   "n_active_h": 7264.857142857143,
   "n_active_rep": 558,
   "seller_prem": 0.07679378908308192,
   "buyer_save": 0.028189275318486296,
   "pi_all_solverdual": 0.08978474241645709
  }
 ]
}