{
 "rows": [
  {
   "pid": "virum",
   "pi_tw": 0.09771423541981956,
   "n_active_h": 7264.857142857143,
   "n_active_rep": 558,
   "seller_prem": 0.07679378908308192,
   "buyer_save": 0.039940253132753456,
   "pi_all_solverdual": 0.08978474241645709
  },
  {
   "pid": "graz",
   "pi_tw": 0.11910003216580922,
   "n_active_h": 8339.428571428572,
   "n_active_rep": 640,
   "seller_prem": 0.09550345209703942,
   "buyer_save": 0.09044368568094291,
   "pi_all_solverdual": 0.12928975636753262
  }
 ]
}