{
 "pid": "virum",
 "revenue_kEUR": 9.947706530226387,
 "n": 4,
 "rows": [
  {
   "agent": "VI-A",
   "de0": 13.5531023238909,
   "m3": 15.518452958629414,
   "cong": 2.5448581965364974,
   "m3_eq": 13.031526326072818,
   "m3_prop": 12.973594762092917,
   "ir_m3": 0,
   "ir_eq": 1,
   "ir_prop": 1
  },
  {
   "agent": "VI-B",
   "de0": 13.903446454487202,
   "m3": 16.128232223226394,
   "cong": 2.5603808346983663,
   "m3_eq": 13.641305590669798,
   "m3_prop": 13.567851388528029,
   "ir_m3": 0,
   "ir_eq": 1,
   "ir_prop": 1
  },
  {
   "agent": "VI-C",
   "de0": 14.8747775173206,
   "m3": 17.272938729840334,
   "cong": 2.585335417768084,
   "m3_eq": 14.786012097283738,
   "m3_prop": 14.68760331207225,
   "ir_m3": 0,
   "ir_eq": 1,
   "ir_prop": 1
  },
  {
   "agent": "VI-D",
   "de0": 12.121221006007955,
   "m3": 12.982608178250782,
   "cong": 2.2571320812234403,
   "m3_eq": 10.495681545694186,
   "m3_prop": 10.725476097027341,
   "ir_m3": 0,
   "ir_eq": 1,
   "ir_prop": 1
  }
 ],
 "n_ir_m3": 0,
 "n_ir_eq": 4,
 "n_ir_prop": 4
}